{
  "volumes": [
    16.0,
    32.0,
    64.0,
    128.0
  ],
  "gaps": [
    19.460355913537192,
    19.167115350045194,
    16.707159035564842,
    25.487462134882037
  ],
  "min_gap": 16.707159035564842,
  "max_gap": 25.487462134882037,
  "mean_gap": 20.205523108507315
}