T,H,exceed_count,exceed_rate,mu_hat,sd_hat
1000,10,2,0.08,61.14670543040405,23.05071524273327
1000,20,2,0.08,124.46289661889044,27.987323358515685
1000,50,3,0.12,306.34276635878666,31.87043802420735
10000,10,2,0.08,94.30042931368442,38.855551999394265
10000,20,3,0.12,181.7770331030972,53.130022754299866
10000,50,2,0.08,434.8447914149097,49.27979362592833
