{
  "config": {
    "Ls": "6,8,10,12",
    "alpha_override": 0.0,
    "b": 2,
    "beta": 2.3,
    "eps": 0.25,
    "kappa": 1.0,
    "out": "analysis/su2_local_patch/results/rg_scaling_suite_beta2p3.json",
    "seeds": "1,2,3,4,5",
    "sweeps": 8
  },
  "per_L": {
    "10": {
      "agg": {
        "accept": {
          "max": 0.848615625,
          "mean": 0.8478875,
          "min": 0.846928125,
          "n": 5,
          "std": 0.0006952334927022622
        },
        "gamma_lap": {
          "max": 1.732967500373024,
          "mean": 1.6913896647752633,
          "min": 1.675401824225716,
          "n": 5,
          "std": 0.024039597112576905
        },
        "gamma_tr": {
          "max": 3.511956832404303,
          "mean": 0.7546996681440594,
          "min": -2.2033833226825577,
          "n": 5,
          "std": 2.0335280549531887
        },
        "gapL": {
          "max": 0.037093823154529186,
          "mean": 0.03681267365750086,
          "min": 0.03664581190666403,
          "n": 5,
          "std": 0.00018231211589618275
        },
        "gapLb": {
          "max": 0.12199329651436575,
          "mean": 0.11890219803833631,
          "min": 0.11756688726465313,
          "n": 5,
          "std": 0.0017630833581908439
        },
        "ratio_lap": {
          "max": 3.3241085632550793,
          "mean": 3.2300374936578615,
          "min": 3.1940830481913323,
          "n": 5,
          "std": 0.05433544023916624
        },
        "ratio_tr": {
          "max": 11.407864393423305,
          "mean": 3.399829479476966,
          "min": 0.217127847962765,
          "n": 5,
          "std": 4.5348378399402325
        },
        "tgapL": {
          "max": 0.6796266052107405,
          "mean": 0.32574350364678367,
          "min": 0.03890279294795462,
          "n": 5,
          "std": 0.248806343932615
        },
        "tgapLb": {
          "max": 0.9513547292371531,
          "mean": 0.5104791845791603,
          "min": 0.0776983123597974,
          "n": 5,
          "std": 0.3548408167570712
        }
      },
      "rows": [
        {
          "L": 10,
          "accept": 0.848303125,
          "alpha_override": 0.0,
          "b": 2,
          "beta": 2.3,
          "eps": 0.25,
          "gamma_lap": 1.732967500373024,
          "gamma_tr": -2.2033833226825577,
          "gapL": 0.036699552434263996,
          "gapLb": 0.12199329651436575,
          "kappa": 1.0,
          "ratio_lap": 3.3241085632550793,
          "ratio_tr": 0.217127847962765,
          "seed": 1,
          "sweeps": 8,
          "tgapL": 0.35784591008851985,
          "tgapLb": 0.0776983123597974
        },
        {
          "L": 10,
          "accept": 0.8474125,
          "alpha_override": 0.0,
          "b": 2,
          "beta": 2.3,
          "eps": 0.25,
          "gamma_lap": 1.6787717025294548,
          "gamma_tr": 1.0399999889238323,
          "gapL": 0.036893533183623345,
          "gapLb": 0.1181165862334484,
          "kappa": 1.0,
          "ratio_lap": 3.2015525768586217,
          "ratio_tr": 2.056227637525621,
          "seed": 2,
          "sweeps": 8,
          "tgapL": 0.1454765482553917,
          "tgapLb": 0.2991328991345661
        },
        {
          "L": 10,
          "accept": 0.848615625,
          "alpha_override": 0.0,
          "b": 2,
          "beta": 2.3,
          "eps": 0.25,
          "gamma_lap": 1.6784255440927949,
          "gamma_tr": 0.9396837971458445,
          "gapL": 0.03673064760842374,
          "gapLb": 0.11756688726465313,
          "kappa": 1.0,
          "ratio_lap": 3.2007844925034905,
          "ratio_tr": 1.9181077910771622,
          "seed": 3,
          "sweeps": 8,
          "tgapL": 0.4068656617313118,
          "tgapLb": 0.7804121956885943
        },
        {
          "L": 10,
          "accept": 0.848178125,
          "alpha_override": 0.0,
          "b": 2,
          "beta": 2.3,
          "eps": 0.25,
          "gamma_lap": 1.675401824225716,
          "gamma_tr": 3.511956832404303,
          "gapL": 0.037093823154529186,
          "gapLb": 0.1184807517304888,
          "kappa": 1.0,
          "ratio_lap": 3.1940830481913323,
          "ratio_tr": 11.407864393423305,
          "seed": 4,
          "sweeps": 8,
          "tgapL": 0.03890279294795462,
          "tgapLb": 0.4437977864756908
        },
        {
          "L": 10,
          "accept": 0.846928125,
          "alpha_override": 0.0,
          "b": 2,
          "beta": 2.3,
          "eps": 0.25,
          "gamma_lap": 1.6913817526553276,
          "gamma_tr": 0.48524104492887504,
          "gapL": 0.03664581190666403,
          "gapLb": 0.11835346844872537,
          "kappa": 1.0,
          "ratio_lap": 3.2296587874807825,
          "ratio_tr": 1.3998197273959787,
          "seed": 5,
          "sweeps": 8,
          "tgapL": 0.6796266052107405,
          "tgapLb": 0.9513547292371531
        }
      ]
    },
    "12": {
      "agg": {
        "accept": {
          "max": 0.8479501229745371,
          "mean": 0.8476863908179013,
          "min": 0.8474799262152778,
          "n": 5,
          "std": 0.00019904924030259192
        },
        "gamma_lap": {
          "max": 1.807415116947677,
          "mean": 1.7689892630787534,
          "min": 1.7175769903253366,
          "n": 5,
          "std": 0.03341666140346771
        },
        "gamma_tr": {
          "max": 2.2556899650412907,
          "mean": 0.033187469984705495,
          "min": -5.129974072665006,
          "n": 5,
          "std": 2.9673442717729066
        },
        "gapL": {
          "max": 0.02615797158557677,
          "mean": 0.02603369073865016,
          "min": 0.02589205110621711,
          "n": 5,
          "std": 9.888126330096483e-05
        },
        "gapLb": {
          "max": 0.09124278168513084,
          "mean": 0.08874390263672674,
          "min": 0.086029273945175,
          "n": 5,
          "std": 0.0019769992602542137
        },
        "ratio_lap": {
          "max": 3.500146036760775,
          "mean": 3.408879560196868,
          "min": 3.2888358206112063,
          "n": 5,
          "std": 0.07848664783520228
        },
        "ratio_tr": {
          "max": 4.775626356593065,
          "mean": 2.2396930421383585,
          "min": 0.028557746039423477,
          "n": 5,
          "std": 1.773877651239232
        },
        "tgapL": {
          "max": 0.4055567206579518,
          "mean": 0.18197629564170859,
          "min": 0.042005799133962185,
          "n": 5,
          "std": 0.14648588720484074
        },
        "tgapLb": {
          "max": 0.5063588191034896,
          "mean": 0.27961981633828537,
          "min": 0.0071419833427026624,
          "n": 5,
          "std": 0.22128964374632498
        }
      },
      "rows": [
        {
          "L": 12,
          "accept": 0.8479501229745371,
          "alpha_override": 0.0,
          "b": 2,
          "beta": 2.3,
          "eps": 0.25,
          "gamma_lap": 1.807415116947677,
          "gamma_tr": 1.261000780198739,
          "gapL": 0.026068278502336964,
          "gapLb": 0.09124278168513084,
          "kappa": 1.0,
          "ratio_lap": 3.500146036760775,
          "ratio_tr": 2.396619338752386,
          "seed": 1,
          "sweeps": 8,
          "tgapL": 0.042005799133962185,
          "tgapLb": 0.10067191054420199
        },
        {
          "L": 12,
          "accept": 0.8474799262152778,
          "alpha_override": 0.0,
          "b": 2,
          "beta": 2.3,
          "eps": 0.25,
          "gamma_lap": 1.7594368605091348,
          "gamma_tr": -5.129974072665006,
          "gapL": 0.02589205110621711,
          "gapLb": 0.08766166719934677,
          "kappa": 1.0,
          "ratio_lap": 3.385659438092865,
          "ratio_tr": 0.028557746039423477,
          "seed": 2,
          "sweeps": 8,
          "tgapL": 0.2500891818578146,
          "tgapLb": 0.0071419833427026624
        },
        {
          "L": 12,
          "accept": 0.8475462360146605,